content,month_str,year_str,value
Acquisitions,1960-01,1960,1
Acquisitions,1966-11,1966,1
Acquisitions,1967-04,1967,1
Acquisitions,1972-01,1972,1
Acquisitions,1973-01,1973,1
Acquisitions,1977-01,1977,1
Acquisitions,1978-01,1978,1
Acquisitions,1980-01,1980,1
Acquisitions,1981-01,1981,2
Acquisitions,1982-08,1982,1
Acquisitions,1984-06,1984,1
Acquisitions,1984-09,1984,1
Acquisitions,1986-01,1986,1
Acquisitions,1986-07,1986,1
Acquisitions,1987-06,1987,3
Acquisitions,1987-07,1987,1
Acquisitions,1988-01,1988,3
Acquisitions,1988-03,1988,1
Acquisitions,1988-06,1988,2
Acquisitions,1988-07,1988,1
Acquisitions,1988-12,1988,1
Acquisitions,1989-01,1989,2
Acquisitions,1989-04,1989,2
Acquisitions,1990-03,1990,2
Acquisitions,1990-06,1990,1
Acquisitions,1991-01,1991,3
Acquisitions,1991-03,1991,1
Acquisitions,1991-08,1991,2
Acquisitions,1991-12,1991,1
Acquisitions,1992-01,1992,2
Acquisitions,1992-03,1992,2
Acquisitions,1992-06,1992,1
Acquisitions,1992-10,1992,1
Acquisitions,1992-12,1992,1
Acquisitions,1993-02,1993,1
Acquisitions,1993-03,1993,2
Acquisitions,1993-05,1993,2
Acquisitions,1993-06,1993,1
Acquisitions,1993-07,1993,1
Acquisitions,1993-08,1993,1
Acquisitions,1993-09,1993,3
Acquisitions,1994-06,1994,1
Acquisitions,1994-07,1994,1
Acquisitions,1994-08,1994,2
Acquisitions,1994-09,1994,1
Acquisitions,1994-10,1994,2
Acquisitions,1994-11,1994,3
Acquisitions,1994-12,1994,4
Acquisitions,1995-01,1995,6
Acquisitions,1995-02,1995,1
Acquisitions,1995-04,1995,2
Acquisitions,1995-05,1995,1
Acquisitions,1995-07,1995,3
Acquisitions,1995-08,1995,3
Acquisitions,1995-09,1995,3
Acquisitions,1995-10,1995,3
Acquisitions,1995-11,1995,1
Acquisitions,1995-12,1995,2
Acquisitions,1996-01,1996,9
Acquisitions,1996-02,1996,2
Acquisitions,1996-03,1996,2
Acquisitions,1996-04,1996,6
Acquisitions,1996-05,1996,2
Acquisitions,1996-06,1996,4
Acquisitions,1996-07,1996,2
Acquisitions,1996-08,1996,4
Acquisitions,1996-09,1996,1
Acquisitions,1996-10,1996,2
Acquisitions,1996-11,1996,1
Acquisitions,1996-12,1996,2
Acquisitions,1997-01,1997,6
Acquisitions,1997-02,1997,1
Acquisitions,1997-03,1997,3
Acquisitions,1997-04,1997,3
Acquisitions,1997-05,1997,2
Acquisitions,1997-06,1997,7
Acquisitions,1997-07,1997,5
Acquisitions,1997-08,1997,3
Acquisitions,1997-09,1997,5
Acquisitions,1997-10,1997,1
Acquisitions,1997-11,1997,3
Acquisitions,1997-12,1997,5
Acquisitions,1998-01,1998,7
Acquisitions,1998-02,1998,1
Acquisitions,1998-03,1998,4
Acquisitions,1998-04,1998,3
Acquisitions,1998-05,1998,1
Acquisitions,1998-06,1998,5
Acquisitions,1998-07,1998,4
Acquisitions,1998-08,1998,6
Acquisitions,1998-09,1998,5
Acquisitions,1998-10,1998,6
Acquisitions,1998-11,1998,2
Acquisitions,1998-12,1998,6
Acquisitions,1999-01,1999,12
Acquisitions,1999-02,1999,6
Acquisitions,1999-03,1999,7
Acquisitions,1999-04,1999,15
Acquisitions,1999-05,1999,8
Acquisitions,1999-06,1999,13
Acquisitions,1999-07,1999,10
Acquisitions,1999-08,1999,7
Acquisitions,1999-09,1999,12
Acquisitions,1999-10,1999,14
Acquisitions,1999-11,1999,19
Acquisitions,1999-12,1999,28
Acquisitions,2000-01,2000,21
Acquisitions,2000-02,2000,27
Acquisitions,2000-03,2000,17
Acquisitions,2000-04,2000,11
Acquisitions,2000-05,2000,8
Acquisitions,2000-06,2000,12
Acquisitions,2000-07,2000,8
Acquisitions,2000-08,2000,8
Acquisitions,2000-09,2000,9
Acquisitions,2000-10,2000,4
Acquisitions,2000-11,2000,5
Acquisitions,2000-12,2000,9
Acquisitions,2001-01,2001,17
Acquisitions,2001-02,2001,17
Acquisitions,2001-03,2001,18
Acquisitions,2001-04,2001,10
Acquisitions,2001-05,2001,12
Acquisitions,2001-06,2001,13
Acquisitions,2001-07,2001,13
Acquisitions,2001-08,2001,6
Acquisitions,2001-09,2001,10
Acquisitions,2001-10,2001,5
Acquisitions,2001-11,2001,5
Acquisitions,2001-12,2001,6
Acquisitions,2002-01,2002,20
Acquisitions,2002-02,2002,7
Acquisitions,2002-03,2002,5
Acquisitions,2002-04,2002,8
Acquisitions,2002-05,2002,9
Acquisitions,2002-06,2002,11
Acquisitions,2002-07,2002,10
Acquisitions,2002-08,2002,7
Acquisitions,2002-09,2002,15
Acquisitions,2002-10,2002,24
Acquisitions,2002-11,2002,11
Acquisitions,2002-12,2002,15
Acquisitions,2003-01,2003,30
Acquisitions,2003-02,2003,17
Acquisitions,2003-03,2003,17
Acquisitions,2003-04,2003,27
Acquisitions,2003-05,2003,16
Acquisitions,2003-06,2003,35
Acquisitions,2003-07,2003,36
Acquisitions,2003-08,2003,37
Acquisitions,2003-09,2003,25
Acquisitions,2003-10,2003,46
Acquisitions,2003-11,2003,54
Acquisitions,2003-12,2003,25
Acquisitions,2004-01,2004,66
Acquisitions,2004-02,2004,43
Acquisitions,2004-03,2004,67
Acquisitions,2004-04,2004,44
Acquisitions,2004-05,2004,38
Acquisitions,2004-06,2004,50
Acquisitions,2004-07,2004,65
Acquisitions,2004-08,2004,18
Acquisitions,2004-09,2004,34
Acquisitions,2004-10,2004,36
Acquisitions,2004-11,2004,36
Acquisitions,2004-12,2004,98
Acquisitions,2005-01,2005,81
Acquisitions,2005-02,2005,67
Acquisitions,2005-03,2005,71
Acquisitions,2005-04,2005,50
Acquisitions,2005-05,2005,42
Acquisitions,2005-06,2005,61
Acquisitions,2005-07,2005,50
Acquisitions,2005-08,2005,60
Acquisitions,2005-09,2005,37
Acquisitions,2005-10,2005,44
Acquisitions,2005-11,2005,35
Acquisitions,2005-12,2005,57
Acquisitions,2006-01,2006,67
Acquisitions,2006-02,2006,29
Acquisitions,2006-03,2006,42
Acquisitions,2006-04,2006,31
Acquisitions,2006-05,2006,29
Acquisitions,2006-06,2006,28
Acquisitions,2006-07,2006,32
Acquisitions,2006-08,2006,28
Acquisitions,2006-09,2006,33
Acquisitions,2006-10,2006,63
Acquisitions,2006-11,2006,37
Acquisitions,2006-12,2006,36
Acquisitions,2007-01,2007,58
Acquisitions,2007-02,2007,38
Acquisitions,2007-03,2007,45
Acquisitions,2007-04,2007,40
Acquisitions,2007-05,2007,58
Acquisitions,2007-06,2007,52
Acquisitions,2007-07,2007,52
Acquisitions,2007-08,2007,49
Acquisitions,2007-09,2007,41
Acquisitions,2007-10,2007,59
Acquisitions,2007-11,2007,42
Acquisitions,2007-12,2007,48
Acquisitions,2008-01,2008,94
Acquisitions,2008-02,2008,58
Acquisitions,2008-03,2008,61
Acquisitions,2008-04,2008,98
Acquisitions,2008-05,2008,148
Acquisitions,2008-06,2008,84
Acquisitions,2008-07,2008,150
Acquisitions,2008-08,2008,98
Acquisitions,2008-09,2008,122
Acquisitions,2008-10,2008,101
Acquisitions,2008-11,2008,70
Acquisitions,2008-12,2008,79
Acquisitions,2009-01,2009,131
Acquisitions,2009-02,2009,88
Acquisitions,2009-03,2009,80
Acquisitions,2009-04,2009,103
Acquisitions,2009-05,2009,64
Acquisitions,2009-06,2009,91
Acquisitions,2009-07,2009,98
Acquisitions,2009-08,2009,79
Acquisitions,2009-09,2009,97
Acquisitions,2009-10,2009,111
Acquisitions,2009-11,2009,124
Acquisitions,2009-12,2009,155
Acquisitions,2010-01,2010,177
Acquisitions,2010-02,2010,123
Acquisitions,2010-03,2010,135
Acquisitions,2010-04,2010,124
Acquisitions,2010-05,2010,144
Acquisitions,2010-06,2010,166
Acquisitions,2010-07,2010,108
Acquisitions,2010-08,2010,105
Acquisitions,2010-09,2010,160
Acquisitions,2010-10,2010,129
Acquisitions,2010-11,2010,113
Acquisitions,2010-12,2010,161
Acquisitions,2011-01,2011,238
Acquisitions,2011-02,2011,130
Acquisitions,2011-03,2011,151
Acquisitions,2011-04,2011,149
Acquisitions,2011-05,2011,156
Acquisitions,2011-06,2011,176
Acquisitions,2011-07,2011,187
Acquisitions,2011-08,2011,152
Acquisitions,2011-09,2011,144
Acquisitions,2011-10,2011,123
Acquisitions,2011-11,2011,123
Acquisitions,2011-12,2011,144
Acquisitions,2012-01,2012,183
Acquisitions,2012-02,2012,134
Acquisitions,2012-03,2012,136
Acquisitions,2012-04,2012,127
Acquisitions,2012-05,2012,154
Acquisitions,2012-06,2012,134
Acquisitions,2012-07,2012,142
Acquisitions,2012-08,2012,126
Acquisitions,2012-09,2012,138
Acquisitions,2012-10,2012,147
Acquisitions,2012-11,2012,137
Acquisitions,2012-12,2012,126
Acquisitions,2013-01,2013,178
Acquisitions,2013-02,2013,118
Acquisitions,2013-03,2013,115
Acquisitions,2013-04,2013,111
Acquisitions,2013-05,2013,179
Acquisitions,2013-06,2013,154
Acquisitions,2013-07,2013,158
Acquisitions,2013-08,2013,154
Acquisitions,2013-09,2013,169
Acquisitions,2013-10,2013,198
Acquisitions,2013-11,2013,162
Acquisitions,2013-12,2013,202
Acquisitions,2014-01,2014,238
Acquisitions,2014-02,2014,192
Acquisitions,2014-03,2014,190
Acquisitions,2014-04,2014,229
Acquisitions,2014-05,2014,220
Acquisitions,2014-06,2014,286
Acquisitions,2014-07,2014,271
Acquisitions,2014-08,2014,228
Acquisitions,2014-09,2014,271
Acquisitions,2014-10,2014,290
Acquisitions,2014-11,2014,218
Acquisitions,2014-12,2014,231
Acquisitions,2015-01,2015,245
Acquisitions,2015-02,2015,259
Acquisitions,2015-03,2015,251
Acquisitions,2015-04,2015,255
Acquisitions,2015-05,2015,233
Acquisitions,2015-06,2015,244
Acquisitions,2015-07,2015,266
Acquisitions,2015-08,2015,248
Acquisitions,2015-09,2015,390
Acquisitions,2015-10,2015,467
Acquisitions,2015-11,2015,418
Acquisitions,2015-12,2015,65
Acquisitions,2016-02,2016,1
Acquisitions,2016-11,2016,1
IPOs,1959-01,1959,1
IPOs,1961-01,1961,1
IPOs,1965-01,1965,2
IPOs,1970-06,1970,1
IPOs,1971-01,1971,1
IPOs,1971-04,1971,1
IPOs,1977-05,1977,1
IPOs,1978-01,1978,332
IPOs,1978-02,1978,2
IPOs,1978-04,1978,2
IPOs,1978-05,1978,1
IPOs,1978-06,1978,8
IPOs,1978-07,1978,1
IPOs,1979-01,1979,2
IPOs,1979-04,1979,1
IPOs,1979-06,1979,2
IPOs,1979-08,1979,1
IPOs,1979-11,1979,1
IPOs,1979-12,1979,1
IPOs,1980-03,1980,1
IPOs,1980-04,1980,1
IPOs,1980-06,1980,3
IPOs,1980-07,1980,1
IPOs,1980-08,1980,2
IPOs,1980-10,1980,1
IPOs,1980-11,1980,2
IPOs,1980-12,1980,5
IPOs,1981-01,1981,2
IPOs,1981-02,1981,1
IPOs,1981-03,1981,1
IPOs,1981-04,1981,4
IPOs,1981-05,1981,4
IPOs,1981-06,1981,3
IPOs,1981-07,1981,5
IPOs,1981-08,1981,3
IPOs,1981-09,1981,1
IPOs,1981-10,1981,3
IPOs,1981-11,1981,3
IPOs,1981-12,1981,3
IPOs,1982-01,1982,3
IPOs,1982-02,1982,4
IPOs,1982-03,1982,1
IPOs,1982-04,1982,2
IPOs,1982-05,1982,1
IPOs,1982-06,1982,1
IPOs,1982-09,1982,1
IPOs,1982-10,1982,1
IPOs,1982-11,1982,1
IPOs,1982-12,1982,1
IPOs,1983-01,1983,2
IPOs,1983-03,1983,3
IPOs,1983-04,1983,1
IPOs,1983-05,1983,4
IPOs,1983-06,1983,2
IPOs,1983-07,1983,4
IPOs,1983-08,1983,6
IPOs,1983-09,1983,4
IPOs,1983-10,1983,6
IPOs,1983-11,1983,3
IPOs,1983-12,1983,12
IPOs,1984-01,1984,5
IPOs,1984-02,1984,3
IPOs,1984-03,1984,4
IPOs,1984-04,1984,2
IPOs,1984-05,1984,3
IPOs,1984-06,1984,4
IPOs,1984-07,1984,2
IPOs,1984-08,1984,4
IPOs,1984-10,1984,2
IPOs,1984-12,1984,2
IPOs,1985-02,1985,1
IPOs,1985-03,1985,1
IPOs,1985-04,1985,1
IPOs,1985-05,1985,3
IPOs,1985-06,1985,3
IPOs,1985-07,1985,1
IPOs,1985-08,1985,6
IPOs,1985-09,1985,3
IPOs,1985-10,1985,3
IPOs,1985-11,1985,2
IPOs,1985-12,1985,3
IPOs,1986-01,1986,1
IPOs,1986-02,1986,3
IPOs,1986-03,1986,3
IPOs,1986-04,1986,6
IPOs,1986-05,1986,6
IPOs,1986-06,1986,6
IPOs,1986-07,1986,5
IPOs,1986-08,1986,7
IPOs,1986-09,1986,7
IPOs,1986-10,1986,1
IPOs,1986-11,1986,5
IPOs,1986-12,1986,5
IPOs,1987-01,1987,3
IPOs,1987-02,1987,3
IPOs,1987-03,1987,2
IPOs,1987-04,1987,4
IPOs,1987-05,1987,2
IPOs,1987-06,1987,9
IPOs,1987-07,1987,4
IPOs,1987-08,1987,8
IPOs,1987-09,1987,2
IPOs,1987-10,1987,4
IPOs,1987-12,1987,2
IPOs,1988-02,1988,1
IPOs,1988-03,1988,1
IPOs,1988-04,1988,5
IPOs,1988-06,1988,2
IPOs,1988-07,1988,5
IPOs,1988-08,1988,3
IPOs,1988-09,1988,1
IPOs,1988-10,1988,8
IPOs,1988-11,1988,3
IPOs,1989-01,1989,2
IPOs,1989-02,1989,2
IPOs,1989-03,1989,1
IPOs,1989-04,1989,2
IPOs,1989-05,1989,2
IPOs,1989-06,1989,4
IPOs,1989-07,1989,1
IPOs,1989-08,1989,1
IPOs,1989-09,1989,1
IPOs,1989-10,1989,5
IPOs,1989-11,1989,5
IPOs,1989-12,1989,4
IPOs,1990-01,1990,23
IPOs,1990-02,1990,3
IPOs,1990-03,1990,12
IPOs,1990-04,1990,2
IPOs,1990-05,1990,7
IPOs,1990-06,1990,2
IPOs,1990-07,1990,6
IPOs,1990-08,1990,2
IPOs,1990-10,1990,2
IPOs,1990-11,1990,1
IPOs,1990-12,1990,4
IPOs,1991-01,1991,6
IPOs,1991-02,1991,1
IPOs,1991-03,1991,3
IPOs,1991-04,1991,4
IPOs,1991-05,1991,6
IPOs,1991-06,1991,5
IPOs,1991-07,1991,4
IPOs,1991-08,1991,7
IPOs,1991-09,1991,2
IPOs,1991-10,1991,2
IPOs,1991-11,1991,5
IPOs,1991-12,1991,5
IPOs,1992-01,1992,13
IPOs,1992-02,1992,6
IPOs,1992-03,1992,9
IPOs,1992-04,1992,2
IPOs,1992-05,1992,11
IPOs,1992-06,1992,11
IPOs,1992-07,1992,2
IPOs,1992-08,1992,5
IPOs,1992-09,1992,2
IPOs,1992-10,1992,7
IPOs,1992-11,1992,7
IPOs,1992-12,1992,8
IPOs,1993-01,1993,6
IPOs,1993-02,1993,6
IPOs,1993-03,1993,8
IPOs,1993-04,1993,12
IPOs,1993-05,1993,7
IPOs,1993-06,1993,7
IPOs,1993-07,1993,7
IPOs,1993-08,1993,7
IPOs,1993-09,1993,5
IPOs,1993-10,1993,12
IPOs,1993-11,1993,15
IPOs,1993-12,1993,15
IPOs,1994-01,1994,11
IPOs,1994-02,1994,6
IPOs,1994-03,1994,15
IPOs,1994-04,1994,9
IPOs,1994-05,1994,3
IPOs,1994-06,1994,6
IPOs,1994-07,1994,9
IPOs,1994-08,1994,4
IPOs,1994-09,1994,3
IPOs,1994-10,1994,6
IPOs,1994-11,1994,10
IPOs,1994-12,1994,8
IPOs,1995-01,1995,8
IPOs,1995-02,1995,6
IPOs,1995-03,1995,6
IPOs,1995-04,1995,5
IPOs,1995-05,1995,4
IPOs,1995-06,1995,14
IPOs,1995-07,1995,5
IPOs,1995-08,1995,7
IPOs,1995-09,1995,7
IPOs,1995-10,1995,9
IPOs,1995-11,1995,15
IPOs,1995-12,1995,16
IPOs,1996-01,1996,16
IPOs,1996-02,1996,6
IPOs,1996-03,1996,7
IPOs,1996-04,1996,9
IPOs,1996-05,1996,15
IPOs,1996-06,1996,10
IPOs,1996-07,1996,9
IPOs,1996-08,1996,10
IPOs,1996-09,1996,6
IPOs,1996-10,1996,13
IPOs,1996-11,1996,16
IPOs,1996-12,1996,11
IPOs,1997-01,1997,41
IPOs,1997-02,1997,50
IPOs,1997-03,1997,34
IPOs,1997-04,1997,29
IPOs,1997-05,1997,27
IPOs,1997-06,1997,52
IPOs,1997-07,1997,53
IPOs,1997-08,1997,11
IPOs,1997-09,1997,6
IPOs,1997-10,1997,72
IPOs,1997-11,1997,77
IPOs,1997-12,1997,39
IPOs,1998-01,1998,23
IPOs,1998-02,1998,8
IPOs,1998-03,1998,38
IPOs,1998-04,1998,44
IPOs,1998-05,1998,51
IPOs,1998-06,1998,56
IPOs,1998-07,1998,56
IPOs,1998-08,1998,25
IPOs,1998-09,1998,8
IPOs,1998-10,1998,7
IPOs,1998-11,1998,18
IPOs,1998-12,1998,32
IPOs,1999-01,1999,35
IPOs,1999-02,1999,44
IPOs,1999-03,1999,25
IPOs,1999-04,1999,76
IPOs,1999-05,1999,30
IPOs,1999-06,1999,70
IPOs,1999-07,1999,68
IPOs,1999-08,1999,47
IPOs,1999-09,1999,41
IPOs,1999-10,1999,63
IPOs,1999-11,1999,18
IPOs,1999-12,1999,48
IPOs,2000-01,2000,70
IPOs,2000-02,2000,15
IPOs,2000-03,2000,15
IPOs,2000-04,2000,24
IPOs,2000-05,2000,6
IPOs,2000-06,2000,31
IPOs,2000-07,2000,23
IPOs,2000-08,2000,23
IPOs,2000-09,2000,24
IPOs,2000-10,2000,14
IPOs,2000-11,2000,12
IPOs,2000-12,2000,12
IPOs,2001-01,2001,8
IPOs,2001-02,2001,14
IPOs,2001-03,2001,11
IPOs,2001-04,2001,6
IPOs,2001-05,2001,3
IPOs,2001-06,2001,24
IPOs,2001-07,2001,10
IPOs,2001-08,2001,12
IPOs,2001-09,2001,4
IPOs,2001-10,2001,18
IPOs,2001-11,2001,17
IPOs,2001-12,2001,23
IPOs,2002-01,2002,13
IPOs,2002-02,2002,15
IPOs,2002-03,2002,13
IPOs,2002-04,2002,12
IPOs,2002-05,2002,18
IPOs,2002-06,2002,34
IPOs,2002-07,2002,13
IPOs,2002-08,2002,6
IPOs,2002-09,2002,4
IPOs,2002-10,2002,12
IPOs,2002-11,2002,15
IPOs,2002-12,2002,15
IPOs,2003-01,2003,96
IPOs,2003-02,2003,5
IPOs,2003-03,2003,7
IPOs,2003-04,2003,3
IPOs,2003-05,2003,6
IPOs,2003-06,2003,7
IPOs,2003-07,2003,17
IPOs,2003-08,2003,12
IPOs,2003-09,2003,17
IPOs,2003-10,2003,27
IPOs,2003-11,2003,29
IPOs,2003-12,2003,25
IPOs,2004-01,2004,12
IPOs,2004-02,2004,22
IPOs,2004-03,2004,18
IPOs,2004-04,2004,31
IPOs,2004-05,2004,23
IPOs,2004-06,2004,44
IPOs,2004-07,2004,44
IPOs,2004-08,2004,27
IPOs,2004-09,2004,23
IPOs,2004-10,2004,41
IPOs,2004-11,2004,25
IPOs,2004-12,2004,43
IPOs,2005-01,2005,20
IPOs,2005-02,2005,37
IPOs,2005-03,2005,13
IPOs,2005-04,2005,25
IPOs,2005-05,2005,20
IPOs,2005-06,2005,14
IPOs,2005-07,2005,35
IPOs,2005-08,2005,41
IPOs,2005-09,2005,25
IPOs,2005-10,2005,21
IPOs,2005-11,2005,29
IPOs,2005-12,2005,31
IPOs,2006-01,2006,24
IPOs,2006-02,2006,39
IPOs,2006-03,2006,21
IPOs,2006-04,2006,23
IPOs,2006-05,2006,21
IPOs,2006-06,2006,30
IPOs,2006-07,2006,16
IPOs,2006-08,2006,17
IPOs,2006-09,2006,20
IPOs,2006-10,2006,35
IPOs,2006-11,2006,47
IPOs,2006-12,2006,36
IPOs,2007-01,2007,14
IPOs,2007-02,2007,30
IPOs,2007-03,2007,25
IPOs,2007-04,2007,23
IPOs,2007-05,2007,42
IPOs,2007-06,2007,39
IPOs,2007-07,2007,40
IPOs,2007-08,2007,25
IPOs,2007-09,2007,7
IPOs,2007-10,2007,36
IPOs,2007-11,2007,42
IPOs,2007-12,2007,27
IPOs,2008-01,2008,20
IPOs,2008-02,2008,14
IPOs,2008-03,2008,11
IPOs,2008-04,2008,4
IPOs,2008-05,2008,19
IPOs,2008-06,2008,8
IPOs,2008-07,2008,11
IPOs,2008-08,2008,14
IPOs,2008-09,2008,8
IPOs,2008-10,2008,7
IPOs,2008-11,2008,7
IPOs,2008-12,2008,7
IPOs,2009-01,2009,9
IPOs,2009-02,2009,9
IPOs,2009-03,2009,23
IPOs,2009-04,2009,10
IPOs,2009-05,2009,17
IPOs,2009-06,2009,18
IPOs,2009-07,2009,26
IPOs,2009-08,2009,24
IPOs,2009-09,2009,22
IPOs,2009-10,2009,34
IPOs,2009-11,2009,22
IPOs,2009-12,2009,19
IPOs,2010-01,2010,21
IPOs,2010-02,2010,15
IPOs,2010-03,2010,18
IPOs,2010-04,2010,31
IPOs,2010-05,2010,20
IPOs,2010-06,2010,21
IPOs,2010-07,2010,37
IPOs,2010-08,2010,14
IPOs,2010-09,2010,14
IPOs,2010-10,2010,27
IPOs,2010-11,2010,38
IPOs,2010-12,2010,31
IPOs,2011-01,2011,33
IPOs,2011-02,2011,26
IPOs,2011-03,2011,13
IPOs,2011-04,2011,30
IPOs,2011-05,2011,34
IPOs,2011-06,2011,22
IPOs,2011-07,2011,20
IPOs,2011-08,2011,10
IPOs,2011-09,2011,7
IPOs,2011-10,2011,12
IPOs,2011-11,2011,19
IPOs,2011-12,2011,24
IPOs,2012-01,2012,12
IPOs,2012-02,2012,34
IPOs,2012-03,2012,28
IPOs,2012-04,2012,28
IPOs,2012-05,2012,16
IPOs,2012-06,2012,27
IPOs,2012-07,2012,22
IPOs,2012-08,2012,11
IPOs,2012-09,2012,12
IPOs,2012-10,2012,30
IPOs,2012-11,2012,19
IPOs,2012-12,2012,11
IPOs,2013-01,2013,29
IPOs,2013-02,2013,15
IPOs,2013-03,2013,19
IPOs,2013-04,2013,26
IPOs,2013-05,2013,28
IPOs,2013-06,2013,37
IPOs,2013-07,2013,28
IPOs,2013-08,2013,26
IPOs,2013-09,2013,27
IPOs,2013-10,2013,45
IPOs,2013-11,2013,47
IPOs,2013-12,2013,25
IPOs,2014-01,2014,29
IPOs,2014-02,2014,28
IPOs,2014-03,2014,33
IPOs,2014-04,2014,55
IPOs,2014-05,2014,28
IPOs,2014-06,2014,26
IPOs,2014-07,2014,38
IPOs,2014-08,2014,20
IPOs,2014-09,2014,29
IPOs,2014-10,2014,27
IPOs,2014-11,2014,22
IPOs,2014-12,2014,31
IPOs,2015-01,2015,12
IPOs,2015-02,2015,12
IPOs,2015-03,2015,11
IPOs,2015-04,2015,34
IPOs,2015-05,2015,21
IPOs,2015-06,2015,32
IPOs,2015-07,2015,15
IPOs,2015-08,2015,10
IPOs,2015-09,2015,11
IPOs,2015-10,2015,18
IPOs,2015-11,2015,19
IPOs,2015-12,2015,1
Profiles,2007-05,2007,31
Profiles,2007-06,2007,307
Profiles,2007-07,2007,1027
Profiles,2007-08,2007,1485
Profiles,2007-09,2007,485
Profiles,2007-10,2007,503
Profiles,2007-11,2007,872
Profiles,2007-12,2007,983
Profiles,2008-01,2008,807
Profiles,2008-02,2008,2966
Profiles,2008-03,2008,2604
Profiles,2008-04,2008,2153
Profiles,2008-05,2008,3120
Profiles,2008-06,2008,3220
Profiles,2008-07,2008,3037
Profiles,2008-08,2008,2568
Profiles,2008-09,2008,2318
Profiles,2008-10,2008,3078
Profiles,2008-11,2008,4372
Profiles,2008-12,2008,4544
Profiles,2009-01,2009,4144
Profiles,2009-02,2009,2693
Profiles,2009-03,2009,2886
Profiles,2009-04,2009,3135
Profiles,2009-05,2009,3447
Profiles,2009-06,2009,5644
Profiles,2009-07,2009,4357
Profiles,2009-08,2009,3729
Profiles,2009-09,2009,3600
Profiles,2009-10,2009,3280
Profiles,2009-11,2009,3224
Profiles,2009-12,2009,4627
Profiles,2010-01,2010,4376
Profiles,2010-02,2010,3483
Profiles,2010-03,2010,4304
Profiles,2010-04,2010,3885
Profiles,2010-05,2010,3965
Profiles,2010-06,2010,3603
Profiles,2010-07,2010,4733
Profiles,2010-08,2010,5139
Profiles,2010-09,2010,4669
Profiles,2010-10,2010,5626
Profiles,2010-11,2010,4579
Profiles,2010-12,2010,4542
Profiles,2011-01,2011,4695
Profiles,2011-02,2011,4959
Profiles,2011-03,2011,5008
Profiles,2011-04,2011,4499
Profiles,2011-05,2011,4706
Profiles,2011-06,2011,5343
Profiles,2011-07,2011,5639
Profiles,2011-08,2011,5026
Profiles,2011-09,2011,4480
Profiles,2011-10,2011,4442
Profiles,2011-11,2011,4210
Profiles,2011-12,2011,3999
Profiles,2012-01,2012,3860
Profiles,2012-02,2012,3883
Profiles,2012-03,2012,5209
Profiles,2012-04,2012,5208
Profiles,2012-05,2012,5620
Profiles,2012-06,2012,5301
Profiles,2012-07,2012,6293
Profiles,2012-08,2012,5893
Profiles,2012-09,2012,5203
Profiles,2012-10,2012,5673
Profiles,2012-11,2012,5573
Profiles,2012-12,2012,5717
Profiles,2013-01,2013,6388
Profiles,2013-02,2013,6788
Profiles,2013-03,2013,7326
Profiles,2013-04,2013,13414
Profiles,2013-05,2013,21124
Profiles,2013-06,2013,20004
Profiles,2013-07,2013,19036
Profiles,2013-08,2013,28606
Profiles,2013-09,2013,18382
Profiles,2013-10,2013,17802
Profiles,2013-11,2013,17377
Profiles,2013-12,2013,19245
Profiles,2014-01,2014,20618
Profiles,2014-02,2014,20555
Profiles,2014-03,2014,21786
Profiles,2014-04,2014,25836
Profiles,2014-05,2014,12618
Profiles,2014-06,2014,17729
Profiles,2014-07,2014,18533
Profiles,2014-08,2014,19219
Profiles,2014-09,2014,19717
Profiles,2014-10,2014,18229
Profiles,2014-11,2014,18460
Profiles,2014-12,2014,16150
Profiles,2015-01,2015,17557
Profiles,2015-02,2015,17450
Profiles,2015-03,2015,26823
Profiles,2015-04,2015,23573
Profiles,2015-05,2015,20222
Profiles,2015-06,2015,21469
Profiles,2015-07,2015,23764
Profiles,2015-08,2015,24027
Profiles,2015-09,2015,26547
Profiles,2015-10,2015,24786
Profiles,2015-11,2015,23377
Profiles,2015-12,2015,4573
Profiles: Organizations,2007-05,2007,9
Profiles: Organizations,2007-06,2007,99
Profiles: Organizations,2007-07,2007,257
Profiles: Organizations,2007-08,2007,511
Profiles: Organizations,2007-09,2007,223
Profiles: Organizations,2007-10,2007,151
Profiles: Organizations,2007-11,2007,305
Profiles: Organizations,2007-12,2007,233
Profiles: Organizations,2008-01,2008,236
Profiles: Organizations,2008-02,2008,702
Profiles: Organizations,2008-03,2008,818
Profiles: Organizations,2008-04,2008,781
Profiles: Organizations,2008-05,2008,978
Profiles: Organizations,2008-06,2008,1139
Profiles: Organizations,2008-07,2008,1179
Profiles: Organizations,2008-08,2008,1018
Profiles: Organizations,2008-09,2008,953
Profiles: Organizations,2008-10,2008,1090
Profiles: Organizations,2008-11,2008,1119
Profiles: Organizations,2008-12,2008,1433
Profiles: Organizations,2009-01,2009,1673
Profiles: Organizations,2009-02,2009,903
Profiles: Organizations,2009-03,2009,976
Profiles: Organizations,2009-04,2009,1227
Profiles: Organizations,2009-05,2009,1313
Profiles: Organizations,2009-06,2009,2132
Profiles: Organizations,2009-07,2009,2344
Profiles: Organizations,2009-08,2009,1888
Profiles: Organizations,2009-09,2009,1773
Profiles: Organizations,2009-10,2009,1384
Profiles: Organizations,2009-11,2009,1454
Profiles: Organizations,2009-12,2009,2012
Profiles: Organizations,2010-01,2010,2035
Profiles: Organizations,2010-02,2010,1613
Profiles: Organizations,2010-03,2010,2110
Profiles: Organizations,2010-04,2010,1976
Profiles: Organizations,2010-05,2010,1828
Profiles: Organizations,2010-06,2010,1643
Profiles: Organizations,2010-07,2010,2363
Profiles: Organizations,2010-08,2010,2149
Profiles: Organizations,2010-09,2010,2100
Profiles: Organizations,2010-10,2010,2604
Profiles: Organizations,2010-11,2010,2163
Profiles: Organizations,2010-12,2010,2121
Profiles: Organizations,2011-01,2011,2056
Profiles: Organizations,2011-02,2011,2127
Profiles: Organizations,2011-03,2011,2056
Profiles: Organizations,2011-04,2011,1852
Profiles: Organizations,2011-05,2011,1887
Profiles: Organizations,2011-06,2011,2168
Profiles: Organizations,2011-07,2011,2256
Profiles: Organizations,2011-08,2011,1984
Profiles: Organizations,2011-09,2011,1772
Profiles: Organizations,2011-10,2011,1827
Profiles: Organizations,2011-11,2011,1716
Profiles: Organizations,2011-12,2011,1638
Profiles: Organizations,2012-01,2012,1543
Profiles: Organizations,2012-02,2012,1475
Profiles: Organizations,2012-03,2012,2069
Profiles: Organizations,2012-04,2012,2046
Profiles: Organizations,2012-05,2012,2237
Profiles: Organizations,2012-06,2012,2214
Profiles: Organizations,2012-07,2012,2256
Profiles: Organizations,2012-08,2012,2423
Profiles: Organizations,2012-09,2012,2357
Profiles: Organizations,2012-10,2012,2632
Profiles: Organizations,2012-11,2012,2437
Profiles: Organizations,2012-12,2012,2807
Profiles: Organizations,2013-01,2013,2746
Profiles: Organizations,2013-02,2013,2915
Profiles: Organizations,2013-03,2013,3020
Profiles: Organizations,2013-04,2013,8020
Profiles: Organizations,2013-05,2013,13122
Profiles: Organizations,2013-06,2013,11958
Profiles: Organizations,2013-07,2013,9276
Profiles: Organizations,2013-08,2013,15535
Profiles: Organizations,2013-09,2013,7150
Profiles: Organizations,2013-10,2013,6335
Profiles: Organizations,2013-11,2013,6578
Profiles: Organizations,2013-12,2013,7902
Profiles: Organizations,2014-01,2014,8807
Profiles: Organizations,2014-02,2014,7980
Profiles: Organizations,2014-03,2014,8545
Profiles: Organizations,2014-04,2014,17325
Profiles: Organizations,2014-05,2014,6196
Profiles: Organizations,2014-06,2014,7212
Profiles: Organizations,2014-07,2014,9200
Profiles: Organizations,2014-08,2014,7827
Profiles: Organizations,2014-09,2014,8890
Profiles: Organizations,2014-10,2014,8266
Profiles: Organizations,2014-11,2014,7593
Profiles: Organizations,2014-12,2014,8293
Profiles: Organizations,2015-01,2015,8494
Profiles: Organizations,2015-02,2015,7712
Profiles: Organizations,2015-03,2015,11166
Profiles: Organizations,2015-04,2015,8563
Profiles: Organizations,2015-05,2015,8588
Profiles: Organizations,2015-06,2015,7017
Profiles: Organizations,2015-07,2015,9037
Profiles: Organizations,2015-08,2015,9583
Profiles: Organizations,2015-09,2015,10789
Profiles: Organizations,2015-10,2015,10996
Profiles: Organizations,2015-11,2015,11998
Profiles: Organizations,2015-12,2015,2406
Profiles: People,2007-05,2007,21
Profiles: People,2007-06,2007,165
Profiles: People,2007-07,2007,615
Profiles: People,2007-08,2007,798
Profiles: People,2007-09,2007,216
Profiles: People,2007-10,2007,287
Profiles: People,2007-11,2007,470
Profiles: People,2007-12,2007,622
Profiles: People,2008-01,2008,459
Profiles: People,2008-02,2008,1811
Profiles: People,2008-03,2008,1494
Profiles: People,2008-04,2008,1177
Profiles: People,2008-05,2008,1736
Profiles: People,2008-06,2008,1790
Profiles: People,2008-07,2008,1503
Profiles: People,2008-08,2008,1354
Profiles: People,2008-09,2008,1228
Profiles: People,2008-10,2008,1280
Profiles: People,2008-11,2008,2614
Profiles: People,2008-12,2008,2210
Profiles: People,2009-01,2009,1751
Profiles: People,2009-02,2009,1192
Profiles: People,2009-03,2009,1322
Profiles: People,2009-04,2009,1408
Profiles: People,2009-05,2009,1654
Profiles: People,2009-06,2009,2671
Profiles: People,2009-07,2009,1604
Profiles: People,2009-08,2009,1695
Profiles: People,2009-09,2009,1711
Profiles: People,2009-10,2009,1691
Profiles: People,2009-11,2009,1608
Profiles: People,2009-12,2009,2427
Profiles: People,2010-01,2010,2165
Profiles: People,2010-02,2010,1728
Profiles: People,2010-03,2010,1930
Profiles: People,2010-04,2010,1679
Profiles: People,2010-05,2010,1951
Profiles: People,2010-06,2010,1777
Profiles: People,2010-07,2010,2140
Profiles: People,2010-08,2010,2710
Profiles: People,2010-09,2010,2362
Profiles: People,2010-10,2010,2630
Profiles: People,2010-11,2010,2208
Profiles: People,2010-12,2010,2084
Profiles: People,2011-01,2011,2403
Profiles: People,2011-02,2011,2528
Profiles: People,2011-03,2011,2705
Profiles: People,2011-04,2011,2405
Profiles: People,2011-05,2011,2460
Profiles: People,2011-06,2011,2794
Profiles: People,2011-07,2011,3051
Profiles: People,2011-08,2011,2828
Profiles: People,2011-09,2011,2474
Profiles: People,2011-10,2011,2405
Profiles: People,2011-11,2011,2279
Profiles: People,2011-12,2011,2092
Profiles: People,2012-01,2012,2036
Profiles: People,2012-02,2012,2127
Profiles: People,2012-03,2012,2834
Profiles: People,2012-04,2012,2805
Profiles: People,2012-05,2012,2967
Profiles: People,2012-06,2012,2763
Profiles: People,2012-07,2012,3470
Profiles: People,2012-08,2012,3064
Profiles: People,2012-09,2012,2593
Profiles: People,2012-10,2012,2753
Profiles: People,2012-11,2012,2827
Profiles: People,2012-12,2012,2525
Profiles: People,2013-01,2013,3269
Profiles: People,2013-02,2013,3574
Profiles: People,2013-03,2013,3716
Profiles: People,2013-04,2013,4898
Profiles: People,2013-05,2013,7505
Profiles: People,2013-06,2013,7431
Profiles: People,2013-07,2013,9127
Profiles: People,2013-08,2013,12443
Profiles: People,2013-09,2013,10738
Profiles: People,2013-10,2013,10844
Profiles: People,2013-11,2013,10297
Profiles: People,2013-12,2013,10756
Profiles: People,2014-01,2014,11128
Profiles: People,2014-02,2014,11848
Profiles: People,2014-03,2014,12598
Profiles: People,2014-04,2014,7800
Profiles: People,2014-05,2014,5306
Profiles: People,2014-06,2014,8452
Profiles: People,2014-07,2014,7557
Profiles: People,2014-08,2014,9664
Profiles: People,2014-09,2014,9276
Profiles: People,2014-10,2014,8479
Profiles: People,2014-11,2014,9489
Profiles: People,2014-12,2014,6817
Profiles: People,2015-01,2015,8453
Profiles: People,2015-02,2015,8451
Profiles: People,2015-03,2015,12945
Profiles: People,2015-04,2015,13052
Profiles: People,2015-05,2015,9301
Profiles: People,2015-06,2015,12204
Profiles: People,2015-07,2015,12969
Profiles: People,2015-08,2015,12181
Profiles: People,2015-09,2015,13560
Profiles: People,2015-10,2015,11532
Profiles: People,2015-11,2015,9386
Profiles: People,2015-12,2015,1606
Profiles: Products,2007-05,2007,1
Profiles: Products,2007-06,2007,43
Profiles: Products,2007-07,2007,155
Profiles: Products,2007-08,2007,176
Profiles: Products,2007-09,2007,46
Profiles: Products,2007-10,2007,65
Profiles: Products,2007-11,2007,97
Profiles: Products,2007-12,2007,128
Profiles: Products,2008-01,2008,112
Profiles: Products,2008-02,2008,453
Profiles: Products,2008-03,2008,292
Profiles: Products,2008-04,2008,195
Profiles: Products,2008-05,2008,406
Profiles: Products,2008-06,2008,291
Profiles: Products,2008-07,2008,355
Profiles: Products,2008-08,2008,196
Profiles: Products,2008-09,2008,137
Profiles: Products,2008-10,2008,708
Profiles: Products,2008-11,2008,639
Profiles: Products,2008-12,2008,901
Profiles: Products,2009-01,2009,720
Profiles: Products,2009-02,2009,598
Profiles: Products,2009-03,2009,588
Profiles: Products,2009-04,2009,500
Profiles: Products,2009-05,2009,480
Profiles: Products,2009-06,2009,841
Profiles: Products,2009-07,2009,409
Profiles: Products,2009-08,2009,146
Profiles: Products,2009-09,2009,116
Profiles: Products,2009-10,2009,205
Profiles: Products,2009-11,2009,162
Profiles: Products,2009-12,2009,188
Profiles: Products,2010-01,2010,176
Profiles: Products,2010-02,2010,142
Profiles: Products,2010-03,2010,264
Profiles: Products,2010-04,2010,230
Profiles: Products,2010-05,2010,186
Profiles: Products,2010-06,2010,183
Profiles: Products,2010-07,2010,230
Profiles: Products,2010-08,2010,280
Profiles: Products,2010-09,2010,207
Profiles: Products,2010-10,2010,392
Profiles: Products,2010-11,2010,208
Profiles: Products,2010-12,2010,337
Profiles: Products,2011-01,2011,236
Profiles: Products,2011-02,2011,304
Profiles: Products,2011-03,2011,247
Profiles: Products,2011-04,2011,242
Profiles: Products,2011-05,2011,359
Profiles: Products,2011-06,2011,381
Profiles: Products,2011-07,2011,332
Profiles: Products,2011-08,2011,214
Profiles: Products,2011-09,2011,234
Profiles: Products,2011-10,2011,210
Profiles: Products,2011-11,2011,215
Profiles: Products,2011-12,2011,269
Profiles: Products,2012-01,2012,281
Profiles: Products,2012-02,2012,281
Profiles: Products,2012-03,2012,306
Profiles: Products,2012-04,2012,357
Profiles: Products,2012-05,2012,416
Profiles: Products,2012-06,2012,324
Profiles: Products,2012-07,2012,567
Profiles: Products,2012-08,2012,406
Profiles: Products,2012-09,2012,253
Profiles: Products,2012-10,2012,288
Profiles: Products,2012-11,2012,309
Profiles: Products,2012-12,2012,385
Profiles: Products,2013-01,2013,373
Profiles: Products,2013-02,2013,299
Profiles: Products,2013-03,2013,590
Profiles: Products,2013-04,2013,496
Profiles: Products,2013-05,2013,497
Profiles: Products,2013-06,2013,615
Profiles: Products,2013-07,2013,633
Profiles: Products,2013-08,2013,628
Profiles: Products,2013-09,2013,494
Profiles: Products,2013-10,2013,623
Profiles: Products,2013-11,2013,502
Profiles: Products,2013-12,2013,587
Profiles: Products,2014-01,2014,683
Profiles: Products,2014-02,2014,727
Profiles: Products,2014-03,2014,643
Profiles: Products,2014-04,2014,711
Profiles: Products,2014-05,2014,1116
Profiles: Products,2014-06,2014,2065
Profiles: Products,2014-07,2014,1776
Profiles: Products,2014-08,2014,1728
Profiles: Products,2014-09,2014,1551
Profiles: Products,2014-10,2014,1484
Profiles: Products,2014-11,2014,1378
Profiles: Products,2014-12,2014,1040
Profiles: Products,2015-01,2015,610
Profiles: Products,2015-02,2015,1287
Profiles: Products,2015-03,2015,2712
Profiles: Products,2015-04,2015,1958
Profiles: Products,2015-05,2015,2333
Profiles: Products,2015-06,2015,2248
Profiles: Products,2015-07,2015,1758
Profiles: Products,2015-08,2015,2263
Profiles: Products,2015-09,2015,2198
Profiles: Products,2015-10,2015,2258
Profiles: Products,2015-11,2015,1993
Profiles: Products,2015-12,2015,561
Rounds,2007-05,2007,6
Rounds,2007-06,2007,58
Rounds,2007-07,2007,171
Rounds,2007-08,2007,261
Rounds,2007-09,2007,81
Rounds,2007-10,2007,74
Rounds,2007-11,2007,194
Rounds,2007-12,2007,154
Rounds,2008-01,2008,159
Rounds,2008-02,2008,277
Rounds,2008-03,2008,227
Rounds,2008-04,2008,185
Rounds,2008-05,2008,267
Rounds,2008-06,2008,313
Rounds,2008-07,2008,231
Rounds,2008-08,2008,227
Rounds,2008-09,2008,187
Rounds,2008-10,2008,191
Rounds,2008-11,2008,192
Rounds,2008-12,2008,311
Rounds,2009-01,2009,568
Rounds,2009-02,2009,166
Rounds,2009-03,2009,248
Rounds,2009-04,2009,270
Rounds,2009-05,2009,391
Rounds,2009-06,2009,735
Rounds,2009-07,2009,703
Rounds,2009-08,2009,419
Rounds,2009-09,2009,579
Rounds,2009-10,2009,351
Rounds,2009-11,2009,433
Rounds,2009-12,2009,832
Rounds,2010-01,2010,802
Rounds,2010-02,2010,712
Rounds,2010-03,2010,1071
Rounds,2010-04,2010,1305
Rounds,2010-05,2010,721
Rounds,2010-06,2010,587
Rounds,2010-07,2010,771
Rounds,2010-08,2010,561
Rounds,2010-09,2010,563
Rounds,2010-10,2010,1013
Rounds,2010-11,2010,509
Rounds,2010-12,2010,375
Rounds,2011-01,2011,421
Rounds,2011-02,2011,415
Rounds,2011-03,2011,461
Rounds,2011-04,2011,433
Rounds,2011-05,2011,471
Rounds,2011-06,2011,537
Rounds,2011-07,2011,495
Rounds,2011-08,2011,514
Rounds,2011-09,2011,517
Rounds,2011-10,2011,468
Rounds,2011-11,2011,467
Rounds,2011-12,2011,425
Rounds,2012-01,2012,499
Rounds,2012-02,2012,473
Rounds,2012-03,2012,478
Rounds,2012-04,2012,519
Rounds,2012-05,2012,604
Rounds,2012-06,2012,597
Rounds,2012-07,2012,525
Rounds,2012-08,2012,557
Rounds,2012-09,2012,525
Rounds,2012-10,2012,484
Rounds,2012-11,2012,480
Rounds,2012-12,2012,374
Rounds,2013-01,2013,569
Rounds,2013-02,2013,600
Rounds,2013-03,2013,614
Rounds,2013-04,2013,628
Rounds,2013-05,2013,1368
Rounds,2013-06,2013,1795
Rounds,2013-07,2013,2503
Rounds,2013-08,2013,2390
Rounds,2013-09,2013,2588
Rounds,2013-10,2013,2511
Rounds,2013-11,2013,2799
Rounds,2013-12,2013,2661
Rounds,2014-01,2014,3109
Rounds,2014-02,2014,3521
Rounds,2014-03,2014,3706
Rounds,2014-04,2014,1996
Rounds,2014-05,2014,3061
Rounds,2014-06,2014,2607
Rounds,2014-07,2014,4445
Rounds,2014-08,2014,2251
Rounds,2014-09,2014,2735
Rounds,2014-10,2014,1895
Rounds,2014-11,2014,1907
Rounds,2014-12,2014,1679
Rounds,2015-01,2015,2200
Rounds,2015-02,2015,2474
Rounds,2015-03,2015,3021
Rounds,2015-04,2015,2002
Rounds,2015-05,2015,2051
Rounds,2015-06,2015,2678
Rounds,2015-07,2015,2868
Rounds,2015-08,2015,3823
Rounds,2015-09,2015,2840
Rounds,2015-10,2015,2942
Rounds,2015-11,2015,3505
Rounds,2015-12,2015,487
Rounds: angel,2007-05,2007,1
Rounds: angel,2007-06,2007,2
Rounds: angel,2007-07,2007,11
Rounds: angel,2007-08,2007,22
Rounds: angel,2007-09,2007,11
Rounds: angel,2007-10,2007,6
Rounds: angel,2007-11,2007,24
Rounds: angel,2007-12,2007,11
Rounds: angel,2008-01,2008,13
Rounds: angel,2008-02,2008,76
Rounds: angel,2008-03,2008,33
Rounds: angel,2008-04,2008,29
Rounds: angel,2008-05,2008,33
Rounds: angel,2008-06,2008,44
Rounds: angel,2008-07,2008,27
Rounds: angel,2008-08,2008,26
Rounds: angel,2008-09,2008,27
Rounds: angel,2008-10,2008,26
Rounds: angel,2008-11,2008,27
Rounds: angel,2008-12,2008,33
Rounds: angel,2009-01,2009,35
Rounds: angel,2009-02,2009,19
Rounds: angel,2009-03,2009,16
Rounds: angel,2009-04,2009,19
Rounds: angel,2009-05,2009,13
Rounds: angel,2009-06,2009,26
Rounds: angel,2009-07,2009,20
Rounds: angel,2009-08,2009,31
Rounds: angel,2009-09,2009,34
Rounds: angel,2009-10,2009,22
Rounds: angel,2009-11,2009,23
Rounds: angel,2009-12,2009,28
Rounds: angel,2010-01,2010,28
Rounds: angel,2010-02,2010,21
Rounds: angel,2010-03,2010,35
Rounds: angel,2010-04,2010,26
Rounds: angel,2010-05,2010,25
Rounds: angel,2010-06,2010,31
Rounds: angel,2010-07,2010,28
Rounds: angel,2010-08,2010,25
Rounds: angel,2010-09,2010,33
Rounds: angel,2010-10,2010,49
Rounds: angel,2010-11,2010,39
Rounds: angel,2010-12,2010,26
Rounds: angel,2011-01,2011,36
Rounds: angel,2011-02,2011,33
Rounds: angel,2011-03,2011,37
Rounds: angel,2011-04,2011,50
Rounds: angel,2011-05,2011,49
Rounds: angel,2011-06,2011,42
Rounds: angel,2011-07,2011,55
Rounds: angel,2011-08,2011,50
Rounds: angel,2011-09,2011,48
Rounds: angel,2011-10,2011,35
Rounds: angel,2011-11,2011,49
Rounds: angel,2011-12,2011,30
Rounds: angel,2012-01,2012,51
Rounds: angel,2012-02,2012,35
Rounds: angel,2012-03,2012,36
Rounds: angel,2012-04,2012,41
Rounds: angel,2012-05,2012,47
Rounds: angel,2012-06,2012,71
Rounds: angel,2012-07,2012,50
Rounds: angel,2012-08,2012,64
Rounds: angel,2012-09,2012,41
Rounds: angel,2012-10,2012,48
Rounds: angel,2012-11,2012,44
Rounds: angel,2012-12,2012,32
Rounds: angel,2013-01,2013,45
Rounds: angel,2013-02,2013,59
Rounds: angel,2013-03,2013,57
Rounds: angel,2013-04,2013,65
Rounds: angel,2013-05,2013,68
Rounds: angel,2013-06,2013,82
Rounds: angel,2013-07,2013,95
Rounds: angel,2013-08,2013,75
Rounds: angel,2013-09,2013,72
Rounds: angel,2013-10,2013,82
Rounds: angel,2013-11,2013,106
Rounds: angel,2013-12,2013,70
Rounds: angel,2014-01,2014,119
Rounds: angel,2014-02,2014,98
Rounds: angel,2014-03,2014,147
Rounds: angel,2014-04,2014,97
Rounds: angel,2014-05,2014,121
Rounds: angel,2014-06,2014,141
Rounds: angel,2014-07,2014,225
Rounds: angel,2014-08,2014,118
Rounds: angel,2014-09,2014,124
Rounds: angel,2014-10,2014,104
Rounds: angel,2014-11,2014,87
Rounds: angel,2014-12,2014,75
Rounds: angel,2015-01,2015,108
Rounds: angel,2015-02,2015,158
Rounds: angel,2015-03,2015,158
Rounds: angel,2015-04,2015,147
Rounds: angel,2015-05,2015,144
Rounds: angel,2015-06,2015,136
Rounds: angel,2015-07,2015,118
Rounds: angel,2015-08,2015,129
Rounds: angel,2015-09,2015,128
Rounds: angel,2015-10,2015,161
Rounds: angel,2015-11,2015,154
Rounds: angel,2015-12,2015,23
Rounds: convertible_note,2009-08,2009,1
Rounds: convertible_note,2009-09,2009,1
Rounds: convertible_note,2009-12,2009,2
Rounds: convertible_note,2010-02,2010,1
Rounds: convertible_note,2010-03,2010,1
Rounds: convertible_note,2010-06,2010,1
Rounds: convertible_note,2010-11,2010,1
Rounds: convertible_note,2011-05,2011,1
Rounds: convertible_note,2011-06,2011,1
Rounds: convertible_note,2011-07,2011,1
Rounds: convertible_note,2011-09,2011,1
Rounds: convertible_note,2012-01,2012,1
Rounds: convertible_note,2012-04,2012,2
Rounds: convertible_note,2012-05,2012,2
Rounds: convertible_note,2012-06,2012,1
Rounds: convertible_note,2012-07,2012,2
Rounds: convertible_note,2012-10,2012,2
Rounds: convertible_note,2012-11,2012,1
Rounds: convertible_note,2012-12,2012,1
Rounds: convertible_note,2013-01,2013,2
Rounds: convertible_note,2013-03,2013,4
Rounds: convertible_note,2013-04,2013,3
Rounds: convertible_note,2013-05,2013,7
Rounds: convertible_note,2013-06,2013,9
Rounds: convertible_note,2013-07,2013,29
Rounds: convertible_note,2013-08,2013,40
Rounds: convertible_note,2013-09,2013,28
Rounds: convertible_note,2013-10,2013,18
Rounds: convertible_note,2013-11,2013,48
Rounds: convertible_note,2013-12,2013,25
Rounds: convertible_note,2014-01,2014,42
Rounds: convertible_note,2014-02,2014,51
Rounds: convertible_note,2014-03,2014,44
Rounds: convertible_note,2014-04,2014,23
Rounds: convertible_note,2014-05,2014,44
Rounds: convertible_note,2014-06,2014,39
Rounds: convertible_note,2014-07,2014,125
Rounds: convertible_note,2014-08,2014,35
Rounds: convertible_note,2014-09,2014,73
Rounds: convertible_note,2014-10,2014,26
Rounds: convertible_note,2014-11,2014,68
Rounds: convertible_note,2014-12,2014,25
Rounds: convertible_note,2015-01,2015,64
Rounds: convertible_note,2015-02,2015,155
Rounds: convertible_note,2015-03,2015,130
Rounds: convertible_note,2015-04,2015,63
Rounds: convertible_note,2015-05,2015,89
Rounds: convertible_note,2015-06,2015,70
Rounds: convertible_note,2015-07,2015,141
Rounds: convertible_note,2015-08,2015,87
Rounds: convertible_note,2015-09,2015,57
Rounds: convertible_note,2015-10,2015,59
Rounds: convertible_note,2015-11,2015,53
Rounds: convertible_note,2015-12,2015,20
Rounds: debt_financing,2007-07,2007,1
Rounds: debt_financing,2007-08,2007,2
Rounds: debt_financing,2007-10,2007,3
Rounds: debt_financing,2007-11,2007,2
Rounds: debt_financing,2007-12,2007,2
Rounds: debt_financing,2008-01,2008,3
Rounds: debt_financing,2008-02,2008,3
Rounds: debt_financing,2008-04,2008,1
Rounds: debt_financing,2008-05,2008,8
Rounds: debt_financing,2008-06,2008,3
Rounds: debt_financing,2008-07,2008,6
Rounds: debt_financing,2008-08,2008,8
Rounds: debt_financing,2008-09,2008,1
Rounds: debt_financing,2008-10,2008,2
Rounds: debt_financing,2008-11,2008,6
Rounds: debt_financing,2008-12,2008,5
Rounds: debt_financing,2009-01,2009,9
Rounds: debt_financing,2009-02,2009,3
Rounds: debt_financing,2009-03,2009,4
Rounds: debt_financing,2009-04,2009,8
Rounds: debt_financing,2009-05,2009,6
Rounds: debt_financing,2009-06,2009,11
Rounds: debt_financing,2009-07,2009,10
Rounds: debt_financing,2009-08,2009,7
Rounds: debt_financing,2009-09,2009,14
Rounds: debt_financing,2009-10,2009,6
Rounds: debt_financing,2009-11,2009,23
Rounds: debt_financing,2009-12,2009,67
Rounds: debt_financing,2010-01,2010,58
Rounds: debt_financing,2010-02,2010,30
Rounds: debt_financing,2010-03,2010,47
Rounds: debt_financing,2010-04,2010,39
Rounds: debt_financing,2010-05,2010,16
Rounds: debt_financing,2010-06,2010,13
Rounds: debt_financing,2010-07,2010,11
Rounds: debt_financing,2010-08,2010,9
Rounds: debt_financing,2010-09,2010,11
Rounds: debt_financing,2010-10,2010,12
Rounds: debt_financing,2010-11,2010,16
Rounds: debt_financing,2010-12,2010,10
Rounds: debt_financing,2011-01,2011,12
Rounds: debt_financing,2011-02,2011,13
Rounds: debt_financing,2011-03,2011,9
Rounds: debt_financing,2011-04,2011,9
Rounds: debt_financing,2011-05,2011,13
Rounds: debt_financing,2011-06,2011,12
Rounds: debt_financing,2011-07,2011,11
Rounds: debt_financing,2011-08,2011,14
Rounds: debt_financing,2011-09,2011,16
Rounds: debt_financing,2011-10,2011,20
Rounds: debt_financing,2011-11,2011,10
Rounds: debt_financing,2011-12,2011,20
Rounds: debt_financing,2012-01,2012,15
Rounds: debt_financing,2012-02,2012,15
Rounds: debt_financing,2012-03,2012,21
Rounds: debt_financing,2012-04,2012,18
Rounds: debt_financing,2012-05,2012,14
Rounds: debt_financing,2012-06,2012,18
Rounds: debt_financing,2012-07,2012,19
Rounds: debt_financing,2012-08,2012,19
Rounds: debt_financing,2012-09,2012,9
Rounds: debt_financing,2012-10,2012,13
Rounds: debt_financing,2012-11,2012,9
Rounds: debt_financing,2012-12,2012,7
Rounds: debt_financing,2013-01,2013,17
Rounds: debt_financing,2013-02,2013,14
Rounds: debt_financing,2013-03,2013,21
Rounds: debt_financing,2013-04,2013,15
Rounds: debt_financing,2013-05,2013,135
Rounds: debt_financing,2013-06,2013,272
Rounds: debt_financing,2013-07,2013,402
Rounds: debt_financing,2013-08,2013,333
Rounds: debt_financing,2013-09,2013,416
Rounds: debt_financing,2013-10,2013,264
Rounds: debt_financing,2013-11,2013,363
Rounds: debt_financing,2013-12,2013,407
Rounds: debt_financing,2014-01,2014,359
Rounds: debt_financing,2014-02,2014,454
Rounds: debt_financing,2014-03,2014,287
Rounds: debt_financing,2014-04,2014,139
Rounds: debt_financing,2014-05,2014,122
Rounds: debt_financing,2014-06,2014,103
Rounds: debt_financing,2014-07,2014,200
Rounds: debt_financing,2014-08,2014,125
Rounds: debt_financing,2014-09,2014,104
Rounds: debt_financing,2014-10,2014,85
Rounds: debt_financing,2014-11,2014,127
Rounds: debt_financing,2014-12,2014,78
Rounds: debt_financing,2015-01,2015,123
Rounds: debt_financing,2015-02,2015,100
Rounds: debt_financing,2015-03,2015,119
Rounds: debt_financing,2015-04,2015,120
Rounds: debt_financing,2015-05,2015,122
Rounds: debt_financing,2015-06,2015,84
Rounds: debt_financing,2015-07,2015,170
Rounds: debt_financing,2015-08,2015,117
Rounds: debt_financing,2015-09,2015,75
Rounds: debt_financing,2015-10,2015,73
Rounds: debt_financing,2015-11,2015,100
Rounds: debt_financing,2015-12,2015,19
Rounds: equity_crowdfunding,2011-07,2011,1
Rounds: equity_crowdfunding,2011-10,2011,1
Rounds: equity_crowdfunding,2011-12,2011,1
Rounds: equity_crowdfunding,2012-02,2012,1
Rounds: equity_crowdfunding,2012-03,2012,2
Rounds: equity_crowdfunding,2012-04,2012,1
Rounds: equity_crowdfunding,2012-05,2012,1
Rounds: equity_crowdfunding,2012-06,2012,1
Rounds: equity_crowdfunding,2012-08,2012,4
Rounds: equity_crowdfunding,2012-09,2012,3
Rounds: equity_crowdfunding,2012-10,2012,1
Rounds: equity_crowdfunding,2012-11,2012,1
Rounds: equity_crowdfunding,2013-03,2013,4
Rounds: equity_crowdfunding,2013-04,2013,2
Rounds: equity_crowdfunding,2013-06,2013,4
Rounds: equity_crowdfunding,2013-07,2013,4
Rounds: equity_crowdfunding,2013-08,2013,4
Rounds: equity_crowdfunding,2013-09,2013,3
Rounds: equity_crowdfunding,2013-10,2013,4
Rounds: equity_crowdfunding,2013-11,2013,2
Rounds: equity_crowdfunding,2013-12,2013,7
Rounds: equity_crowdfunding,2014-01,2014,8
Rounds: equity_crowdfunding,2014-02,2014,8
Rounds: equity_crowdfunding,2014-03,2014,7
Rounds: equity_crowdfunding,2014-04,2014,6
Rounds: equity_crowdfunding,2014-05,2014,32
Rounds: equity_crowdfunding,2014-06,2014,54
Rounds: equity_crowdfunding,2014-07,2014,1655
Rounds: equity_crowdfunding,2014-08,2014,13
Rounds: equity_crowdfunding,2014-09,2014,287
Rounds: equity_crowdfunding,2014-10,2014,7
Rounds: equity_crowdfunding,2014-11,2014,153
Rounds: equity_crowdfunding,2014-12,2014,3
Rounds: equity_crowdfunding,2015-01,2015,211
Rounds: equity_crowdfunding,2015-02,2015,205
Rounds: equity_crowdfunding,2015-03,2015,25
Rounds: equity_crowdfunding,2015-04,2015,91
Rounds: equity_crowdfunding,2015-05,2015,90
Rounds: equity_crowdfunding,2015-06,2015,10
Rounds: equity_crowdfunding,2015-07,2015,107
Rounds: equity_crowdfunding,2015-08,2015,55
Rounds: equity_crowdfunding,2015-09,2015,13
Rounds: equity_crowdfunding,2015-10,2015,109
Rounds: equity_crowdfunding,2015-11,2015,35
Rounds: equity_crowdfunding,2015-12,2015,22
Rounds: grant,2008-01,2008,1
Rounds: grant,2008-06,2008,1
Rounds: grant,2008-07,2008,1
Rounds: grant,2008-10,2008,1
Rounds: grant,2008-11,2008,1
Rounds: grant,2009-04,2009,1
Rounds: grant,2009-06,2009,1
Rounds: grant,2009-07,2009,2
Rounds: grant,2009-08,2009,5
Rounds: grant,2009-09,2009,14
Rounds: grant,2009-10,2009,6
Rounds: grant,2009-11,2009,16
Rounds: grant,2009-12,2009,24
Rounds: grant,2010-01,2010,21
Rounds: grant,2010-02,2010,4
Rounds: grant,2010-03,2010,11
Rounds: grant,2010-04,2010,5
Rounds: grant,2010-05,2010,4
Rounds: grant,2010-06,2010,6
Rounds: grant,2010-07,2010,10
Rounds: grant,2010-08,2010,10
Rounds: grant,2010-09,2010,14
Rounds: grant,2010-10,2010,18
Rounds: grant,2010-11,2010,12
Rounds: grant,2010-12,2010,5
Rounds: grant,2011-01,2011,9
Rounds: grant,2011-02,2011,12
Rounds: grant,2011-03,2011,4
Rounds: grant,2011-04,2011,5
Rounds: grant,2011-05,2011,12
Rounds: grant,2011-06,2011,9
Rounds: grant,2011-07,2011,5
Rounds: grant,2011-08,2011,19
Rounds: grant,2011-09,2011,10
Rounds: grant,2011-10,2011,10
Rounds: grant,2011-11,2011,9
Rounds: grant,2011-12,2011,14
Rounds: grant,2012-01,2012,6
Rounds: grant,2012-02,2012,7
Rounds: grant,2012-03,2012,6
Rounds: grant,2012-04,2012,15
Rounds: grant,2012-05,2012,14
Rounds: grant,2012-06,2012,14
Rounds: grant,2012-07,2012,12
Rounds: grant,2012-08,2012,13
Rounds: grant,2012-09,2012,11
Rounds: grant,2012-10,2012,9
Rounds: grant,2012-11,2012,3
Rounds: grant,2012-12,2012,3
Rounds: grant,2013-01,2013,15
Rounds: grant,2013-02,2013,12
Rounds: grant,2013-03,2013,15
Rounds: grant,2013-04,2013,9
Rounds: grant,2013-05,2013,8
Rounds: grant,2013-06,2013,34
Rounds: grant,2013-07,2013,35
Rounds: grant,2013-08,2013,42
Rounds: grant,2013-09,2013,61
Rounds: grant,2013-10,2013,37
Rounds: grant,2013-11,2013,58
Rounds: grant,2013-12,2013,52
Rounds: grant,2014-01,2014,51
Rounds: grant,2014-02,2014,58
Rounds: grant,2014-03,2014,49
Rounds: grant,2014-04,2014,36
Rounds: grant,2014-05,2014,144
Rounds: grant,2014-06,2014,48
Rounds: grant,2014-07,2014,112
Rounds: grant,2014-08,2014,63
Rounds: grant,2014-09,2014,76
Rounds: grant,2014-10,2014,48
Rounds: grant,2014-11,2014,26
Rounds: grant,2014-12,2014,22
Rounds: grant,2015-01,2015,22
Rounds: grant,2015-02,2015,58
Rounds: grant,2015-03,2015,202
Rounds: grant,2015-04,2015,33
Rounds: grant,2015-05,2015,27
Rounds: grant,2015-06,2015,55
Rounds: grant,2015-07,2015,26
Rounds: grant,2015-08,2015,77
Rounds: grant,2015-09,2015,56
Rounds: grant,2015-10,2015,56
Rounds: grant,2015-11,2015,48
Rounds: grant,2015-12,2015,11
Rounds: non_equity_assistance,2009-12,2009,1
Rounds: non_equity_assistance,2013-08,2013,1
Rounds: non_equity_assistance,2013-10,2013,1
Rounds: non_equity_assistance,2013-12,2013,1
Rounds: non_equity_assistance,2014-01,2014,2
Rounds: non_equity_assistance,2014-03,2014,1
Rounds: non_equity_assistance,2014-04,2014,1
Rounds: non_equity_assistance,2014-06,2014,1
Rounds: non_equity_assistance,2014-08,2014,5
Rounds: non_equity_assistance,2014-10,2014,1
Rounds: non_equity_assistance,2014-11,2014,2
Rounds: non_equity_assistance,2014-12,2014,67
Rounds: non_equity_assistance,2015-01,2015,4
Rounds: non_equity_assistance,2015-02,2015,9
Rounds: non_equity_assistance,2015-03,2015,31
Rounds: non_equity_assistance,2015-04,2015,16
Rounds: non_equity_assistance,2015-05,2015,4
Rounds: non_equity_assistance,2015-06,2015,4
Rounds: non_equity_assistance,2015-07,2015,5
Rounds: non_equity_assistance,2015-08,2015,8
Rounds: non_equity_assistance,2015-09,2015,12
Rounds: non_equity_assistance,2015-10,2015,7
Rounds: non_equity_assistance,2015-11,2015,5
Rounds: non_equity_assistance,2015-12,2015,2
Rounds: post_ipo_debt,2009-06,2009,1
Rounds: post_ipo_debt,2009-07,2009,1
Rounds: post_ipo_debt,2009-11,2009,1
Rounds: post_ipo_debt,2010-01,2010,1
Rounds: post_ipo_debt,2010-08,2010,1
Rounds: post_ipo_debt,2013-04,2013,1
Rounds: post_ipo_debt,2013-07,2013,1
Rounds: post_ipo_debt,2013-12,2013,2
Rounds: post_ipo_debt,2014-02,2014,5
Rounds: post_ipo_debt,2014-03,2014,15
Rounds: post_ipo_debt,2014-04,2014,7
Rounds: post_ipo_debt,2014-05,2014,3
Rounds: post_ipo_debt,2014-06,2014,6
Rounds: post_ipo_debt,2014-07,2014,8
Rounds: post_ipo_debt,2014-08,2014,6
Rounds: post_ipo_debt,2014-09,2014,8
Rounds: post_ipo_debt,2014-10,2014,11
Rounds: post_ipo_debt,2014-11,2014,4
Rounds: post_ipo_debt,2014-12,2014,8
Rounds: post_ipo_debt,2015-01,2015,4
Rounds: post_ipo_debt,2015-02,2015,7
Rounds: post_ipo_debt,2015-03,2015,10
Rounds: post_ipo_debt,2015-04,2015,8
Rounds: post_ipo_debt,2015-05,2015,8
Rounds: post_ipo_debt,2015-06,2015,6
Rounds: post_ipo_debt,2015-07,2015,8
Rounds: post_ipo_debt,2015-08,2015,7
Rounds: post_ipo_debt,2015-09,2015,1
Rounds: post_ipo_debt,2015-10,2015,3
Rounds: post_ipo_equity,2008-08,2008,3
Rounds: post_ipo_equity,2008-09,2008,1
Rounds: post_ipo_equity,2009-01,2009,1
Rounds: post_ipo_equity,2009-04,2009,1
Rounds: post_ipo_equity,2009-06,2009,2
Rounds: post_ipo_equity,2009-10,2009,1
Rounds: post_ipo_equity,2009-11,2009,1
Rounds: post_ipo_equity,2009-12,2009,3
Rounds: post_ipo_equity,2010-01,2010,1
Rounds: post_ipo_equity,2010-02,2010,2
Rounds: post_ipo_equity,2010-10,2010,1
Rounds: post_ipo_equity,2010-11,2010,1
Rounds: post_ipo_equity,2011-02,2011,1
Rounds: post_ipo_equity,2012-02,2012,3
Rounds: post_ipo_equity,2012-03,2012,1
Rounds: post_ipo_equity,2012-04,2012,2
Rounds: post_ipo_equity,2012-05,2012,3
Rounds: post_ipo_equity,2012-07,2012,1
Rounds: post_ipo_equity,2012-09,2012,1
Rounds: post_ipo_equity,2012-10,2012,2
Rounds: post_ipo_equity,2012-12,2012,2
Rounds: post_ipo_equity,2013-01,2013,1
Rounds: post_ipo_equity,2013-02,2013,1
Rounds: post_ipo_equity,2013-03,2013,2
Rounds: post_ipo_equity,2013-04,2013,1
Rounds: post_ipo_equity,2013-05,2013,3
Rounds: post_ipo_equity,2013-06,2013,7
Rounds: post_ipo_equity,2013-07,2013,6
Rounds: post_ipo_equity,2013-08,2013,14
Rounds: post_ipo_equity,2013-09,2013,11
Rounds: post_ipo_equity,2013-10,2013,9
Rounds: post_ipo_equity,2013-11,2013,17
Rounds: post_ipo_equity,2013-12,2013,11
Rounds: post_ipo_equity,2014-01,2014,16
Rounds: post_ipo_equity,2014-02,2014,35
Rounds: post_ipo_equity,2014-03,2014,47
Rounds: post_ipo_equity,2014-04,2014,21
Rounds: post_ipo_equity,2014-05,2014,33
Rounds: post_ipo_equity,2014-06,2014,29
Rounds: post_ipo_equity,2014-07,2014,19
Rounds: post_ipo_equity,2014-08,2014,30
Rounds: post_ipo_equity,2014-09,2014,28
Rounds: post_ipo_equity,2014-10,2014,20
Rounds: post_ipo_equity,2014-11,2014,15
Rounds: post_ipo_equity,2014-12,2014,15
Rounds: post_ipo_equity,2015-01,2015,12
Rounds: post_ipo_equity,2015-02,2015,25
Rounds: post_ipo_equity,2015-03,2015,25
Rounds: post_ipo_equity,2015-04,2015,22
Rounds: post_ipo_equity,2015-05,2015,20
Rounds: post_ipo_equity,2015-06,2015,18
Rounds: post_ipo_equity,2015-07,2015,18
Rounds: post_ipo_equity,2015-08,2015,21
Rounds: post_ipo_equity,2015-09,2015,9
Rounds: post_ipo_equity,2015-10,2015,16
Rounds: post_ipo_equity,2015-11,2015,24
Rounds: post_ipo_equity,2015-12,2015,3
Rounds: private_equity,2007-11,2007,1
Rounds: private_equity,2007-12,2007,1
Rounds: private_equity,2008-01,2008,1
Rounds: private_equity,2008-05,2008,2
Rounds: private_equity,2008-06,2008,1
Rounds: private_equity,2008-07,2008,3
Rounds: private_equity,2008-08,2008,1
Rounds: private_equity,2008-09,2008,4
Rounds: private_equity,2008-12,2008,6
Rounds: private_equity,2009-01,2009,2
Rounds: private_equity,2009-02,2009,2
Rounds: private_equity,2009-03,2009,1
Rounds: private_equity,2009-04,2009,1
Rounds: private_equity,2009-05,2009,4
Rounds: private_equity,2009-06,2009,16
Rounds: private_equity,2009-07,2009,3
Rounds: private_equity,2009-09,2009,5
Rounds: private_equity,2009-10,2009,2
Rounds: private_equity,2009-11,2009,5
Rounds: private_equity,2009-12,2009,13
Rounds: private_equity,2010-01,2010,15
Rounds: private_equity,2010-02,2010,11
Rounds: private_equity,2010-03,2010,13
Rounds: private_equity,2010-04,2010,7
Rounds: private_equity,2010-05,2010,6
Rounds: private_equity,2010-06,2010,6
Rounds: private_equity,2010-07,2010,14
Rounds: private_equity,2010-08,2010,3
Rounds: private_equity,2010-09,2010,3
Rounds: private_equity,2010-10,2010,8
Rounds: private_equity,2010-11,2010,7
Rounds: private_equity,2010-12,2010,3
Rounds: private_equity,2011-01,2011,9
Rounds: private_equity,2011-02,2011,3
Rounds: private_equity,2011-03,2011,7
Rounds: private_equity,2011-04,2011,6
Rounds: private_equity,2011-05,2011,2
Rounds: private_equity,2011-06,2011,8
Rounds: private_equity,2011-07,2011,12
Rounds: private_equity,2011-08,2011,5
Rounds: private_equity,2011-09,2011,8
Rounds: private_equity,2011-10,2011,6
Rounds: private_equity,2011-11,2011,5
Rounds: private_equity,2011-12,2011,6
Rounds: private_equity,2012-01,2012,7
Rounds: private_equity,2012-02,2012,8
Rounds: private_equity,2012-03,2012,7
Rounds: private_equity,2012-04,2012,7
Rounds: private_equity,2012-05,2012,8
Rounds: private_equity,2012-06,2012,10
Rounds: private_equity,2012-07,2012,8
Rounds: private_equity,2012-08,2012,3
Rounds: private_equity,2012-09,2012,4
Rounds: private_equity,2012-10,2012,4
Rounds: private_equity,2012-11,2012,10
Rounds: private_equity,2012-12,2012,7
Rounds: private_equity,2013-01,2013,21
Rounds: private_equity,2013-02,2013,24
Rounds: private_equity,2013-03,2013,25
Rounds: private_equity,2013-04,2013,29
Rounds: private_equity,2013-05,2013,76
Rounds: private_equity,2013-06,2013,89
Rounds: private_equity,2013-07,2013,127
Rounds: private_equity,2013-08,2013,135
Rounds: private_equity,2013-09,2013,133
Rounds: private_equity,2013-10,2013,140
Rounds: private_equity,2013-11,2013,44
Rounds: private_equity,2013-12,2013,37
Rounds: private_equity,2014-01,2014,44
Rounds: private_equity,2014-02,2014,48
Rounds: private_equity,2014-03,2014,35
Rounds: private_equity,2014-04,2014,43
Rounds: private_equity,2014-05,2014,73
Rounds: private_equity,2014-06,2014,61
Rounds: private_equity,2014-07,2014,40
Rounds: private_equity,2014-08,2014,37
Rounds: private_equity,2014-09,2014,41
Rounds: private_equity,2014-10,2014,58
Rounds: private_equity,2014-11,2014,31
Rounds: private_equity,2014-12,2014,15
Rounds: private_equity,2015-01,2015,19
Rounds: private_equity,2015-02,2015,23
Rounds: private_equity,2015-03,2015,29
Rounds: private_equity,2015-04,2015,23
Rounds: private_equity,2015-05,2015,42
Rounds: private_equity,2015-06,2015,66
Rounds: private_equity,2015-07,2015,45
Rounds: private_equity,2015-08,2015,56
Rounds: private_equity,2015-09,2015,77
Rounds: private_equity,2015-10,2015,94
Rounds: private_equity,2015-11,2015,71
Rounds: private_equity,2015-12,2015,5
Rounds: product_crowdfunding,2011-01,2011,1
Rounds: product_crowdfunding,2011-08,2011,1
Rounds: product_crowdfunding,2012-07,2012,1
Rounds: product_crowdfunding,2012-08,2012,1
Rounds: product_crowdfunding,2012-10,2012,1
Rounds: product_crowdfunding,2012-12,2012,2
Rounds: product_crowdfunding,2013-04,2013,1
Rounds: product_crowdfunding,2013-05,2013,2
Rounds: product_crowdfunding,2013-06,2013,3
Rounds: product_crowdfunding,2013-07,2013,6
Rounds: product_crowdfunding,2013-08,2013,13
Rounds: product_crowdfunding,2013-09,2013,26
Rounds: product_crowdfunding,2013-10,2013,12
Rounds: product_crowdfunding,2013-11,2013,11
Rounds: product_crowdfunding,2013-12,2013,14
Rounds: product_crowdfunding,2014-01,2014,21
Rounds: product_crowdfunding,2014-02,2014,11
Rounds: product_crowdfunding,2014-03,2014,7
Rounds: product_crowdfunding,2014-04,2014,4
Rounds: product_crowdfunding,2014-05,2014,13
Rounds: product_crowdfunding,2014-06,2014,10
Rounds: product_crowdfunding,2014-07,2014,15
Rounds: product_crowdfunding,2014-08,2014,14
Rounds: product_crowdfunding,2014-09,2014,11
Rounds: product_crowdfunding,2014-10,2014,10
Rounds: product_crowdfunding,2014-11,2014,7
Rounds: product_crowdfunding,2014-12,2014,4
Rounds: product_crowdfunding,2015-01,2015,11
Rounds: product_crowdfunding,2015-02,2015,13
Rounds: product_crowdfunding,2015-03,2015,25
Rounds: product_crowdfunding,2015-04,2015,11
Rounds: product_crowdfunding,2015-05,2015,9
Rounds: product_crowdfunding,2015-06,2015,22
Rounds: product_crowdfunding,2015-07,2015,17
Rounds: product_crowdfunding,2015-08,2015,14
Rounds: product_crowdfunding,2015-09,2015,17
Rounds: product_crowdfunding,2015-10,2015,28
Rounds: product_crowdfunding,2015-11,2015,22
Rounds: secondary_market,2009-09,2009,1
Rounds: secondary_market,2010-07,2010,1
Rounds: secondary_market,2011-09,2011,1
Rounds: secondary_market,2013-12,2013,16
Rounds: secondary_market,2014-01,2014,2
Rounds: secondary_market,2014-02,2014,2
Rounds: secondary_market,2014-03,2014,2
Rounds: secondary_market,2014-04,2014,4
Rounds: secondary_market,2014-05,2014,6
Rounds: secondary_market,2014-06,2014,1
Rounds: secondary_market,2014-07,2014,1
Rounds: secondary_market,2014-08,2014,7
Rounds: secondary_market,2014-09,2014,4
Rounds: secondary_market,2014-10,2014,5
Rounds: secondary_market,2014-11,2014,2
Rounds: secondary_market,2014-12,2014,4
Rounds: secondary_market,2015-01,2015,1
Rounds: secondary_market,2015-02,2015,1
Rounds: secondary_market,2015-03,2015,9
Rounds: secondary_market,2015-04,2015,2
Rounds: secondary_market,2015-06,2015,6
Rounds: secondary_market,2015-07,2015,4
Rounds: secondary_market,2015-08,2015,2
Rounds: secondary_market,2015-09,2015,2
Rounds: secondary_market,2015-10,2015,5
Rounds: secondary_market,2015-11,2015,3
Rounds: secondary_market,2015-12,2015,1
Rounds: seed,2007-06,2007,5
Rounds: seed,2007-07,2007,11
Rounds: seed,2007-08,2007,27
Rounds: seed,2007-09,2007,7
Rounds: seed,2007-10,2007,7
Rounds: seed,2007-11,2007,22
Rounds: seed,2007-12,2007,15
Rounds: seed,2008-01,2008,12
Rounds: seed,2008-02,2008,63
Rounds: seed,2008-03,2008,58
Rounds: seed,2008-04,2008,36
Rounds: seed,2008-05,2008,35
Rounds: seed,2008-06,2008,64
Rounds: seed,2008-07,2008,55
Rounds: seed,2008-08,2008,60
Rounds: seed,2008-09,2008,45
Rounds: seed,2008-10,2008,42
Rounds: seed,2008-11,2008,49
Rounds: seed,2008-12,2008,46
Rounds: seed,2009-01,2009,48
Rounds: seed,2009-02,2009,35
Rounds: seed,2009-03,2009,75
Rounds: seed,2009-04,2009,49
Rounds: seed,2009-05,2009,57
Rounds: seed,2009-06,2009,61
Rounds: seed,2009-07,2009,44
Rounds: seed,2009-08,2009,82
Rounds: seed,2009-09,2009,91
Rounds: seed,2009-10,2009,60
Rounds: seed,2009-11,2009,48
Rounds: seed,2009-12,2009,63
Rounds: seed,2010-01,2010,52
Rounds: seed,2010-02,2010,64
Rounds: seed,2010-03,2010,76
Rounds: seed,2010-04,2010,71
Rounds: seed,2010-05,2010,79
Rounds: seed,2010-06,2010,73
Rounds: seed,2010-07,2010,81
Rounds: seed,2010-08,2010,95
Rounds: seed,2010-09,2010,81
Rounds: seed,2010-10,2010,87
Rounds: seed,2010-11,2010,89
Rounds: seed,2010-12,2010,69
Rounds: seed,2011-01,2011,71
Rounds: seed,2011-02,2011,90
Rounds: seed,2011-03,2011,132
Rounds: seed,2011-04,2011,106
Rounds: seed,2011-05,2011,119
Rounds: seed,2011-06,2011,129
Rounds: seed,2011-07,2011,129
Rounds: seed,2011-08,2011,116
Rounds: seed,2011-09,2011,124
Rounds: seed,2011-10,2011,112
Rounds: seed,2011-11,2011,137
Rounds: seed,2011-12,2011,107
Rounds: seed,2012-01,2012,122
Rounds: seed,2012-02,2012,138
Rounds: seed,2012-03,2012,143
Rounds: seed,2012-04,2012,127
Rounds: seed,2012-05,2012,212
Rounds: seed,2012-06,2012,146
Rounds: seed,2012-07,2012,157
Rounds: seed,2012-08,2012,197
Rounds: seed,2012-09,2012,178
Rounds: seed,2012-10,2012,159
Rounds: seed,2012-11,2012,179
Rounds: seed,2012-12,2012,144
Rounds: seed,2013-01,2013,180
Rounds: seed,2013-02,2013,247
Rounds: seed,2013-03,2013,277
Rounds: seed,2013-04,2013,209
Rounds: seed,2013-05,2013,450
Rounds: seed,2013-06,2013,468
Rounds: seed,2013-07,2013,718
Rounds: seed,2013-08,2013,622
Rounds: seed,2013-09,2013,721
Rounds: seed,2013-10,2013,698
Rounds: seed,2013-11,2013,580
Rounds: seed,2013-12,2013,347
Rounds: seed,2014-01,2014,507
Rounds: seed,2014-02,2014,893
Rounds: seed,2014-03,2014,1348
Rounds: seed,2014-04,2014,606
Rounds: seed,2014-05,2014,1326
Rounds: seed,2014-06,2014,790
Rounds: seed,2014-07,2014,717
Rounds: seed,2014-08,2014,832
Rounds: seed,2014-09,2014,1116
Rounds: seed,2014-10,2014,759
Rounds: seed,2014-11,2014,540
Rounds: seed,2014-12,2014,561
Rounds: seed,2015-01,2015,716
Rounds: seed,2015-02,2015,882
Rounds: seed,2015-03,2015,1173
Rounds: seed,2015-04,2015,753
Rounds: seed,2015-05,2015,682
Rounds: seed,2015-06,2015,1145
Rounds: seed,2015-07,2015,846
Rounds: seed,2015-08,2015,907
Rounds: seed,2015-09,2015,734
Rounds: seed,2015-10,2015,713
Rounds: seed,2015-11,2015,719
Rounds: seed,2015-12,2015,216
Rounds: undisclosed,2007-10,2007,1
Rounds: undisclosed,2008-03,2008,1
Rounds: undisclosed,2008-04,2008,3
Rounds: undisclosed,2008-05,2008,4
Rounds: undisclosed,2008-06,2008,10
Rounds: undisclosed,2008-07,2008,5
Rounds: undisclosed,2008-08,2008,10
Rounds: undisclosed,2008-09,2008,5
Rounds: undisclosed,2008-10,2008,2
Rounds: undisclosed,2008-11,2008,4
Rounds: undisclosed,2008-12,2008,7
Rounds: undisclosed,2009-01,2009,10
Rounds: undisclosed,2009-02,2009,1
Rounds: undisclosed,2009-03,2009,5
Rounds: undisclosed,2009-04,2009,4
Rounds: undisclosed,2009-05,2009,9
Rounds: undisclosed,2009-06,2009,23
Rounds: undisclosed,2009-07,2009,32
Rounds: undisclosed,2009-08,2009,15
Rounds: undisclosed,2009-09,2009,33
Rounds: undisclosed,2009-10,2009,8
Rounds: undisclosed,2009-11,2009,22
Rounds: undisclosed,2009-12,2009,24
Rounds: undisclosed,2010-01,2010,41
Rounds: undisclosed,2010-02,2010,29
Rounds: undisclosed,2010-03,2010,24
Rounds: undisclosed,2010-04,2010,17
Rounds: undisclosed,2010-05,2010,4
Rounds: undisclosed,2010-06,2010,14
Rounds: undisclosed,2010-07,2010,8
Rounds: undisclosed,2010-08,2010,9
Rounds: undisclosed,2010-09,2010,11
Rounds: undisclosed,2010-10,2010,30
Rounds: undisclosed,2010-11,2010,23
Rounds: undisclosed,2010-12,2010,28
Rounds: undisclosed,2011-01,2011,20
Rounds: undisclosed,2011-02,2011,25
Rounds: undisclosed,2011-03,2011,27
Rounds: undisclosed,2011-04,2011,22
Rounds: undisclosed,2011-05,2011,24
Rounds: undisclosed,2011-06,2011,34
Rounds: undisclosed,2011-07,2011,37
Rounds: undisclosed,2011-08,2011,38
Rounds: undisclosed,2011-09,2011,41
Rounds: undisclosed,2011-10,2011,32
Rounds: undisclosed,2011-11,2011,23
Rounds: undisclosed,2011-12,2011,15
Rounds: undisclosed,2012-01,2012,19
Rounds: undisclosed,2012-02,2012,31
Rounds: undisclosed,2012-03,2012,26
Rounds: undisclosed,2012-04,2012,36
Rounds: undisclosed,2012-05,2012,29
Rounds: undisclosed,2012-06,2012,62
Rounds: undisclosed,2012-07,2012,22
Rounds: undisclosed,2012-08,2012,30
Rounds: undisclosed,2012-09,2012,27
Rounds: undisclosed,2012-10,2012,24
Rounds: undisclosed,2012-11,2012,12
Rounds: undisclosed,2012-12,2012,7
Rounds: undisclosed,2013-01,2013,30
Rounds: undisclosed,2013-02,2013,30
Rounds: undisclosed,2013-03,2013,18
Rounds: undisclosed,2013-04,2013,34
Rounds: undisclosed,2013-05,2013,45
Rounds: undisclosed,2013-06,2013,60
Rounds: undisclosed,2013-07,2013,65
Rounds: undisclosed,2013-08,2013,86
Rounds: undisclosed,2013-09,2013,72
Rounds: undisclosed,2013-10,2013,98
Rounds: undisclosed,2013-11,2013,52
Rounds: undisclosed,2013-12,2013,58
Rounds: undisclosed,2014-01,2014,104
Rounds: undisclosed,2014-02,2014,113
Rounds: undisclosed,2014-03,2014,294
Rounds: undisclosed,2014-04,2014,171
Rounds: undisclosed,2014-05,2014,163
Rounds: undisclosed,2014-06,2014,131
Rounds: undisclosed,2014-07,2014,304
Rounds: undisclosed,2014-08,2014,251
Rounds: undisclosed,2014-09,2014,137
Rounds: undisclosed,2014-10,2014,132
Rounds: undisclosed,2014-11,2014,152
Rounds: undisclosed,2014-12,2014,131
Rounds: undisclosed,2015-01,2015,99
Rounds: undisclosed,2015-02,2015,55
Rounds: undisclosed,2015-03,2015,105
Rounds: undisclosed,2015-04,2015,92
Rounds: undisclosed,2015-05,2015,88
Rounds: undisclosed,2015-06,2015,172
Rounds: undisclosed,2015-07,2015,159
Rounds: undisclosed,2015-08,2015,83
Rounds: undisclosed,2015-09,2015,57
Rounds: undisclosed,2015-10,2015,76
Rounds: undisclosed,2015-11,2015,38
Rounds: undisclosed,2015-12,2015,4
Rounds: venture,2007-05,2007,5
Rounds: venture,2007-06,2007,51
Rounds: venture,2007-07,2007,148
Rounds: venture,2007-08,2007,210
Rounds: venture,2007-09,2007,63
Rounds: venture,2007-10,2007,57
Rounds: venture,2007-11,2007,145
Rounds: venture,2007-12,2007,125
Rounds: venture,2008-01,2008,129
Rounds: venture,2008-02,2008,135
Rounds: venture,2008-03,2008,135
Rounds: venture,2008-04,2008,116
Rounds: venture,2008-05,2008,185
Rounds: venture,2008-06,2008,190
Rounds: venture,2008-07,2008,134
Rounds: venture,2008-08,2008,119
Rounds: venture,2008-09,2008,104
Rounds: venture,2008-10,2008,118
Rounds: venture,2008-11,2008,105
Rounds: venture,2008-12,2008,214
Rounds: venture,2009-01,2009,463
Rounds: venture,2009-02,2009,106
Rounds: venture,2009-03,2009,147
Rounds: venture,2009-04,2009,187
Rounds: venture,2009-05,2009,302
Rounds: venture,2009-06,2009,594
Rounds: venture,2009-07,2009,591
Rounds: venture,2009-08,2009,278
Rounds: venture,2009-09,2009,386
Rounds: venture,2009-10,2009,246
Rounds: venture,2009-11,2009,294
Rounds: venture,2009-12,2009,607
Rounds: venture,2010-01,2010,585
Rounds: venture,2010-02,2010,550
Rounds: venture,2010-03,2010,864
Rounds: venture,2010-04,2010,1140
Rounds: venture,2010-05,2010,587
Rounds: venture,2010-06,2010,443
Rounds: venture,2010-07,2010,618
Rounds: venture,2010-08,2010,409
Rounds: venture,2010-09,2010,410
Rounds: venture,2010-10,2010,808
Rounds: venture,2010-11,2010,321
Rounds: venture,2010-12,2010,234
Rounds: venture,2011-01,2011,263
Rounds: venture,2011-02,2011,238
Rounds: venture,2011-03,2011,245
Rounds: venture,2011-04,2011,235
Rounds: venture,2011-05,2011,251
Rounds: venture,2011-06,2011,302
Rounds: venture,2011-07,2011,244
Rounds: venture,2011-08,2011,271
Rounds: venture,2011-09,2011,268
Rounds: venture,2011-10,2011,252
Rounds: venture,2011-11,2011,234
Rounds: venture,2011-12,2011,232
Rounds: venture,2012-01,2012,278
Rounds: venture,2012-02,2012,235
Rounds: venture,2012-03,2012,236
Rounds: venture,2012-04,2012,270
Rounds: venture,2012-05,2012,274
Rounds: venture,2012-06,2012,274
Rounds: venture,2012-07,2012,253
Rounds: venture,2012-08,2012,226
Rounds: venture,2012-09,2012,251
Rounds: venture,2012-10,2012,221
Rounds: venture,2012-11,2012,221
Rounds: venture,2012-12,2012,169
Rounds: venture,2013-01,2013,258
Rounds: venture,2013-02,2013,213
Rounds: venture,2013-03,2013,191
Rounds: venture,2013-04,2013,259
Rounds: venture,2013-05,2013,574
Rounds: venture,2013-06,2013,767
Rounds: venture,2013-07,2013,1015
Rounds: venture,2013-08,2013,1025
Rounds: venture,2013-09,2013,1045
Rounds: venture,2013-10,2013,1148
Rounds: venture,2013-11,2013,1518
Rounds: venture,2013-12,2013,1614
Rounds: venture,2014-01,2014,1834
Rounds: venture,2014-02,2014,1745
Rounds: venture,2014-03,2014,1423
Rounds: venture,2014-04,2014,838
Rounds: venture,2014-05,2014,981
Rounds: venture,2014-06,2014,1193
Rounds: venture,2014-07,2014,1024
Rounds: venture,2014-08,2014,715
Rounds: venture,2014-09,2014,726
Rounds: venture,2014-10,2014,629
Rounds: venture,2014-11,2014,693
Rounds: venture,2014-12,2014,671
Rounds: venture,2015-01,2015,806
Rounds: venture,2015-02,2015,783
Rounds: venture,2015-03,2015,980
Rounds: venture,2015-04,2015,621
Rounds: venture,2015-05,2015,726
Rounds: venture,2015-06,2015,884
Rounds: venture,2015-07,2015,1204
Rounds: venture,2015-08,2015,2260
Rounds: venture,2015-09,2015,1602
Rounds: venture,2015-10,2015,1542
Rounds: venture,2015-11,2015,2233
Rounds: venture,2015-12,2015,161
